INSERT INTO PACKAGE_STATE(id,package_state_name,value) VALUES(1,'Created', '1');
INSERT INTO PACKAGE_STATE(id,package_state_name,value) VALUES(2,'LoadedIntoSack', '2');
INSERT INTO PACKAGE_STATE(id,package_state_name,value) VALUES(3,'Loaded', '3');
INSERT INTO PACKAGE_STATE(id,package_state_name,value) VALUES(4,'Unloaded', '4');
INSERT INTO SACK_STATE(id,sack_state_name,value) VALUES(1,'Created', '1');
INSERT INTO SACK_STATE(id,sack_state_name,value) VALUES(2,'Loaded', '2');
INSERT INTO SACK_STATE(id,sack_state_name,value) VALUES(3,'Unloaded', '3');
INSERT INTO DELIVERY_POINT(id,delivery_point_name) VALUES(1,'Branch');
INSERT INTO DELIVERY_POINT(id,delivery_point_name) VALUES(2,'DistributionCentre');
INSERT INTO DELIVERY_POINT(id,delivery_point_name) VALUES(3,'TransferCentre');
INSERT INTO SACK_BARCODE(id,barcode,delivery_point) VALUES(1,'C725799', '2');
INSERT INTO SACK_BARCODE(id,barcode,delivery_point) VALUES(2,'C725800', '3');
INSERT INTO PACKAGE_BARCODE(id,barcode,delivery_point,desi) VALUES(1,'P7988000121', '1','5');
INSERT INTO PACKAGE_BARCODE(id,barcode,delivery_point,desi) VALUES(2,'P7988000122', '1','5');
INSERT INTO PACKAGE_BARCODE(id,barcode,delivery_point,desi) VALUES(3,'P7988000123', '1','9');
INSERT INTO PACKAGE_BARCODE(id,barcode,delivery_point,desi) VALUES(4,'P8988000120', '2','33');
INSERT INTO PACKAGE_BARCODE(id,barcode,delivery_point,desi) VALUES(5,'P8988000121', '2','17');
INSERT INTO PACKAGE_BARCODE(id,barcode,delivery_point,desi) VALUES(6,'P8988000122', '2','26');
INSERT INTO PACKAGE_BARCODE(id,barcode,delivery_point,desi) VALUES(7,'P8988000123', '2','35');
INSERT INTO PACKAGE_BARCODE(id,barcode,delivery_point,desi) VALUES(8,'P8988000124', '2','1');
INSERT INTO PACKAGE_BARCODE(id,barcode,delivery_point,desi) VALUES(9,'P8988000125', '2','200');
INSERT INTO PACKAGE_BARCODE(id,barcode,delivery_point,desi) VALUES(10,'P8988000126', '2','50');
INSERT INTO PACKAGE_BARCODE(id,barcode,delivery_point,desi) VALUES(11,'P9988000126', '3','15');
INSERT INTO PACKAGE_BARCODE(id,barcode,delivery_point,desi) VALUES(12,'P9988000127', '3','16');
INSERT INTO PACKAGE_BARCODE(id,barcode,delivery_point,desi) VALUES(13,'P9988000128', '3','55');
INSERT INTO PACKAGE_BARCODE(id,barcode,delivery_point,desi) VALUES(14,'P9988000129', '3','28');
INSERT INTO PACKAGE_BARCODE(id,barcode,delivery_point,desi) VALUES(15,'P9988000130', '3','17');
INSERT INTO BARCODE_DETAILS(id,barcode_package,barcode_sack) VALUES(1,'P8988000122', 'C725799');
INSERT INTO BARCODE_DETAILS(id,barcode_package,barcode_sack) VALUES(2,'P8988000126', 'C725799');
INSERT INTO BARCODE_DETAILS(id,barcode_package,barcode_sack) VALUES(3,'P9988000128', 'C725800');
INSERT INTO BARCODE_DETAILS(id,barcode_package,barcode_sack) VALUES(4,'P9988000129', 'C725800');